날짜,통화명,환율
2014-01-02,미 달러화 (USD),1055.3
2014-01-03,미 달러화 (USD),1050.4
2014-01-06,미 달러화 (USD),1054.1
2014-01-07,미 달러화 (USD),1062.2
2014-01-08,미 달러화 (USD),1067.9
2014-01-09,미 달러화 (USD),1066
2014-01-10,미 달러화 (USD),1064.8
2014-01-13,미 달러화 (USD),1062.8
2014-01-14,미 달러화 (USD),1056.5
2014-01-15,미 달러화 (USD),1058.4
2014-01-16,미 달러화 (USD),1062.5
2014-01-17,미 달러화 (USD),1064.2
2014-01-20,미 달러화 (USD),1061
2014-01-21,미 달러화 (USD),1063.9
2014-01-22,미 달러화 (USD),1064.2
2014-01-23,미 달러화 (USD),1068.4
2014-01-24,미 달러화 (USD),1071.9
2014-01-27,미 달러화 (USD),1077.2
2014-01-28,미 달러화 (USD),1084.1
2014-01-29,미 달러화 (USD),1079.2
2014-02-03,미 달러화 (USD),1071.1
2014-02-04,미 달러화 (USD),1082.2
2014-02-05,미 달러화 (USD),1086.1
2014-02-06,미 달러화 (USD),1079.5
2014-02-07,미 달러화 (USD),1076.4
2014-02-10,미 달러화 (USD),1075.1
2014-02-11,미 달러화 (USD),1071.9
2014-02-12,미 달러화 (USD),1072
2014-02-13,미 달러화 (USD),1064.7
2014-02-14,미 달러화 (USD),1063.9
2014-02-17,미 달러화 (USD),1061.9
2014-02-18,미 달러화 (USD),1060.5
2014-02-19,미 달러화 (USD),1064.1
2014-02-20,미 달러화 (USD),1067.1
2014-02-21,미 달러화 (USD),1071.9
2014-02-24,미 달러화 (USD),1073.1
2014-02-25,미 달러화 (USD),1076.3
2014-02-26,미 달러화 (USD),1070.6
2014-02-27,미 달러화 (USD),1069.9
2014-02-28,미 달러화 (USD),1067.7
2014-03-03,미 달러화 (USD),1066.2
2014-03-04,미 달러화 (USD),1071.9
2014-03-05,미 달러화 (USD),1072
2014-03-06,미 달러화 (USD),1070.6
2014-03-07,미 달러화 (USD),1067.4
2014-03-10,미 달러화 (USD),1062.6
2014-03-11,미 달러화 (USD),1065.9
2014-03-12,미 달러화 (USD),1064.8
2014-03-13,미 달러화 (USD),1069.2
2014-03-14,미 달러화 (USD),1067.4
2014-03-17,미 달러화 (USD),1072
2014-03-18,미 달러화 (USD),1069.9
2014-03-19,미 달러화 (USD),1067.9
2014-03-20,미 달러화 (USD),1070.7
2014-03-21,미 달러화 (USD),1075.3
2014-03-24,미 달러화 (USD),1080.3
2014-03-25,미 달러화 (USD),1079.7
2014-03-26,미 달러화 (USD),1078.2
2014-03-27,미 달러화 (USD),1075
2014-03-28,미 달러화 (USD),1072.8
2014-03-31,미 달러화 (USD),1068.8
2014-04-01,미 달러화 (USD),1066.1
2014-04-02,미 달러화 (USD),1060.5
2014-04-03,미 달러화 (USD),1057
2014-04-04,미 달러화 (USD),1058.1
2014-04-07,미 달러화 (USD),1056.1
2014-04-08,미 달러화 (USD),1053.4
2014-04-09,미 달러화 (USD),1053.6
2014-04-10,미 달러화 (USD),1043.2
2014-04-11,미 달러화 (USD),1036
2014-04-14,미 달러화 (USD),1037.5
2014-04-15,미 달러화 (USD),1038.9
2014-04-16,미 달러화 (USD),1041.2
2014-04-17,미 달러화 (USD),1041.3
2014-04-18,미 달러화 (USD),1037.1
2014-04-21,미 달러화 (USD),1037.2
2014-04-22,미 달러화 (USD),1037.9
2014-04-23,미 달러화 (USD),1039.6
2014-04-24,미 달러화 (USD),1039.5
2014-04-25,미 달러화 (USD),1038.3
2014-04-28,미 달러화 (USD),1038.9
2014-04-29,미 달러화 (USD),1037.1
2014-04-30,미 달러화 (USD),1031.7
2014-05-02,미 달러화 (USD),1032.2
2014-05-07,미 달러화 (USD),1031.2
2014-05-08,미 달러화 (USD),1025.6
2014-05-09,미 달러화 (USD),1023.5
2014-05-12,미 달러화 (USD),1023
2014-05-13,미 달러화 (USD),1025
2014-05-14,미 달러화 (USD),1022.9
2014-05-15,미 달러화 (USD),1024.6
2014-05-16,미 달러화 (USD),1026.5
2014-05-19,미 달러화 (USD),1025.8
2014-05-20,미 달러화 (USD),1022.7
2014-05-21,미 달러화 (USD),1024.1
2014-05-22,미 달러화 (USD),1026.7
2014-05-23,미 달러화 (USD),1025.2
2014-05-26,미 달러화 (USD),1024.3
2014-05-27,미 달러화 (USD),1023.9
2014-05-28,미 달러화 (USD),1023.4
2014-05-29,미 달러화 (USD),1022.6
2014-05-30,미 달러화 (USD),1021.6
2014-06-02,미 달러화 (USD),1020.4
2014-06-03,미 달러화 (USD),1023.6
2014-06-05,미 달러화 (USD),1024.3
2014-06-09,미 달러화 (USD),1022.6
2014-06-10,미 달러화 (USD),1017.4
2014-06-11,미 달러화 (USD),1016.5
2014-06-12,미 달러화 (USD),1016.5
2014-06-13,미 달러화 (USD),1017.5
2014-06-16,미 달러화 (USD),1018
2014-06-17,미 달러화 (USD),1019.5
2014-06-18,미 달러화 (USD),1022.1
2014-06-19,미 달러화 (USD),1023.1
2014-06-20,미 달러화 (USD),1018.3
2014-06-23,미 달러화 (USD),1019.6
2014-06-24,미 달러화 (USD),1018.4
2014-06-25,미 달러화 (USD),1018
2014-06-26,미 달러화 (USD),1020.6
2014-06-27,미 달러화 (USD),1017
2014-06-30,미 달러화 (USD),1014.4
2014-07-01,미 달러화 (USD),1012.1
2014-07-02,미 달러화 (USD),1011.8
2014-07-03,미 달러화 (USD),1009.8
2014-07-04,미 달러화 (USD),1009.6
2014-07-07,미 달러화 (USD),1008.9
2014-07-08,미 달러화 (USD),1009.9
2014-07-09,미 달러화 (USD),1011.2
2014-07-10,미 달러화 (USD),1012.2
2014-07-11,미 달러화 (USD),1011.9
2014-07-14,미 달러화 (USD),1018
2014-07-15,미 달러화 (USD),1018.5
2014-07-16,미 달러화 (USD),1023.7
2014-07-17,미 달러화 (USD),1032.7
2014-07-18,미 달러화 (USD),1029.6
2014-07-21,미 달러화 (USD),1031.9
2014-07-22,미 달러화 (USD),1027.5
2014-07-23,미 달러화 (USD),1024.6
2014-07-24,미 달러화 (USD),1022.8
2014-07-25,미 달러화 (USD),1028
2014-07-28,미 달러화 (USD),1029.4
2014-07-29,미 달러화 (USD),1025.2
2014-07-30,미 달러화 (USD),1024.7
2014-07-31,미 달러화 (USD),1024.3
2014-08-01,미 달러화 (USD),1026.2
2014-08-04,미 달러화 (USD),1033.7
2014-08-05,미 달러화 (USD),1031.7
2014-08-06,미 달러화 (USD),1030.8
2014-08-07,미 달러화 (USD),1034.3
2014-08-08,미 달러화 (USD),1034.4
2014-08-11,미 달러화 (USD),1037.4
2014-08-12,미 달러화 (USD),1030.6
2014-08-13,미 달러화 (USD),1028.3
2014-08-14,미 달러화 (USD),1028.1
2014-08-18,미 달러화 (USD),1024.9
2014-08-19,미 달러화 (USD),1017.7
2014-08-20,미 달러화 (USD),1018
2014-08-21,미 달러화 (USD),1020.9
2014-08-22,미 달러화 (USD),1023.9
2014-08-25,미 달러화 (USD),1019.5
2014-08-26,미 달러화 (USD),1020.6
2014-08-27,미 달러화 (USD),1018
2014-08-28,미 달러화 (USD),1014.6
2014-08-29,미 달러화 (USD),1013.6
2014-09-01,미 달러화 (USD),1014.9
2014-09-02,미 달러화 (USD),1014.3
2014-09-03,미 달러화 (USD),1015.6
2014-09-04,미 달러화 (USD),1018.9
2014-09-05,미 달러화 (USD),1018
2014-09-11,미 달러화 (USD),1024.6
2014-09-12,미 달러화 (USD),1034.4
2014-09-15,미 달러화 (USD),1038
2014-09-16,미 달러화 (USD),1038.9
2014-09-17,미 달러화 (USD),1035.2
2014-09-18,미 달러화 (USD),1033.9
2014-09-19,미 달러화 (USD),1041.5
2014-09-22,미 달러화 (USD),1044.9
2014-09-23,미 달러화 (USD),1040.7
2014-09-24,미 달러화 (USD),1042.1
2014-09-25,미 달러화 (USD),1039.8
2014-09-26,미 달러화 (USD),1042.6
2014-09-29,미 달러화 (USD),1042.7
2014-09-30,미 달러화 (USD),1050.6
2014-10-01,미 달러화 (USD),1054.7
2014-10-02,미 달러화 (USD),1062.1
2014-10-06,미 달러화 (USD),1061.1
2014-10-07,미 달러화 (USD),1069.7
2014-10-08,미 달러화 (USD),1066.5
2014-10-10,미 달러화 (USD),1072.3
2014-10-13,미 달러화 (USD),1071
2014-10-14,미 달러화 (USD),1069.1
2014-10-15,미 달러화 (USD),1063.5
2014-10-16,미 달러화 (USD),1065.8
2014-10-17,미 달러화 (USD),1059.9
2014-10-20,미 달러화 (USD),1062.7
2014-10-21,미 달러화 (USD),1060.4
2014-10-22,미 달러화 (USD),1054.5
2014-10-23,미 달러화 (USD),1053.7
2014-10-24,미 달러화 (USD),1055.4
2014-10-27,미 달러화 (USD),1059.3
2014-10-28,미 달러화 (USD),1052.6
2014-10-29,미 달러화 (USD),1050.6
2014-10-30,미 달러화 (USD),1047
2014-10-31,미 달러화 (USD),1054
2014-11-03,미 달러화 (USD),1058.8
2014-11-04,미 달러화 (USD),1075.1
2014-11-05,미 달러화 (USD),1079.9
2014-11-06,미 달러화 (USD),1078.7
2014-11-07,미 달러화 (USD),1089.1
2014-11-10,미 달러화 (USD),1092.5
2014-11-11,미 달러화 (USD),1085.2
2014-11-12,미 달러화 (USD),1089.9
2014-11-13,미 달러화 (USD),1098.5
2014-11-14,미 달러화 (USD),1097.5
2014-11-17,미 달러화 (USD),1099.6
2014-11-18,미 달러화 (USD),1097
2014-11-19,미 달러화 (USD),1098.9
2014-11-20,미 달러화 (USD),1104.2
2014-11-21,미 달러화 (USD),1113.1
2014-11-24,미 달러화 (USD),1110.9
2014-11-25,미 달러화 (USD),1112.2
2014-11-26,미 달러화 (USD),1112.8
2014-11-27,미 달러화 (USD),1107
2014-11-28,미 달러화 (USD),1101.1
2014-12-01,미 달러화 (USD),1105
2014-12-02,미 달러화 (USD),1116.2
2014-12-03,미 달러화 (USD),1106.8
2014-12-04,미 달러화 (USD),1114.4
2014-12-05,미 달러화 (USD),1115.8
2014-12-08,미 달러화 (USD),1113.2
2014-12-09,미 달러화 (USD),1118.3
2014-12-10,미 달러화 (USD),1112
2014-12-11,미 달러화 (USD),1104.5
2014-12-12,미 달러화 (USD),1098.1
2014-12-15,미 달러화 (USD),1103.9
2014-12-16,미 달러화 (USD),1103
2014-12-17,미 달러화 (USD),1092.4
2014-12-18,미 달러화 (USD),1088.1
2014-12-19,미 달러화 (USD),1103.2
2014-12-22,미 달러화 (USD),1101.3
2014-12-23,미 달러화 (USD),1097.3
2014-12-24,미 달러화 (USD),1100.5
2014-12-26,미 달러화 (USD),1104.3
2014-12-29,미 달러화 (USD),1099.5
2014-12-30,미 달러화 (USD),1098.2
2015-01-02,미 달러화 (USD),1099.2
2015-01-05,미 달러화 (USD),1102.6
2015-01-06,미 달러화 (USD),1108.7
2015-01-07,미 달러화 (USD),1103.9
2015-01-08,미 달러화 (USD),1099.7
2015-01-09,미 달러화 (USD),1098.5
2015-01-12,미 달러화 (USD),1092.2
2015-01-13,미 달러화 (USD),1083
2015-01-14,미 달러화 (USD),1081.5
2015-01-15,미 달러화 (USD),1079.9
2015-01-16,미 달러화 (USD),1084.1
2015-01-19,미 달러화 (USD),1077.3
2015-01-20,미 달러화 (USD),1079.8
2015-01-21,미 달러화 (USD),1084.4
2015-01-22,미 달러화 (USD),1086.8
2015-01-23,미 달러화 (USD),1085.3
2015-01-26,미 달러화 (USD),1084.1
2015-01-27,미 달러화 (USD),1079.3
2015-01-28,미 달러화 (USD),1082.1
2015-01-29,미 달러화 (USD),1082.9
2015-01-30,미 달러화 (USD),1090.8
2015-02-02,미 달러화 (USD),1095.9
2015-02-03,미 달러화 (USD),1101.2
2015-02-04,미 달러화 (USD),1098.3
2015-02-05,미 달러화 (USD),1089.2
2015-02-06,미 달러화 (USD),1089.2
2015-02-09,미 달러화 (USD),1088.3
2015-02-10,미 달러화 (USD),1097
2015-02-11,미 달러화 (USD),1090.8
2015-02-12,미 달러화 (USD),1096.9
2015-02-13,미 달러화 (USD),1107.5
2015-02-16,미 달러화 (USD),1098.4
2015-02-17,미 달러화 (USD),1098.7
2015-02-23,미 달러화 (USD),1101.3
2015-02-24,미 달러화 (USD),1109.8
2015-02-25,미 달러화 (USD),1108.6
2015-02-26,미 달러화 (USD),1102.5
2015-02-27,미 달러화 (USD),1099.2
2015-03-02,미 달러화 (USD),1099.5
2015-03-03,미 달러화 (USD),1102.5
2015-03-04,미 달러화 (USD),1100
2015-03-05,미 달러화 (USD),1096.5
2015-03-06,미 달러화 (USD),1100.1
2015-03-09,미 달러화 (USD),1099.5
2015-03-10,미 달러화 (USD),1110.3
2015-03-11,미 달러화 (USD),1119.5
2015-03-12,미 달러화 (USD),1126.6
2015-03-13,미 달러화 (USD),1130.9
2015-03-16,미 달러화 (USD),1125.6
2015-03-17,미 달러화 (USD),1133.9
2015-03-18,미 달러화 (USD),1130.1
2015-03-19,미 달러화 (USD),1126.6
2015-03-20,미 달러화 (USD),1114
2015-03-23,미 달러화 (USD),1121.7
2015-03-24,미 달러화 (USD),1115.9
2015-03-25,미 달러화 (USD),1107.1
2015-03-26,미 달러화 (USD),1102.7
2015-03-27,미 달러화 (USD),1104.2
2015-03-30,미 달러화 (USD),1104.3
2015-03-31,미 달러화 (USD),1105
2015-04-01,미 달러화 (USD),1109.4
2015-04-02,미 달러화 (USD),1103.8
2015-04-03,미 달러화 (USD),1098
2015-04-06,미 달러화 (USD),1094.6
2015-04-07,미 달러화 (USD),1086
2015-04-08,미 달러화 (USD),1089.7
2015-04-09,미 달러화 (USD),1093.4
2015-04-10,미 달러화 (USD),1093.9
2015-04-13,미 달러화 (USD),1094.6
2015-04-14,미 달러화 (USD),1096.6
2015-04-15,미 달러화 (USD),1096.8
2015-04-16,미 달러화 (USD),1096
2015-04-17,미 달러화 (USD),1089
2015-04-20,미 달러화 (USD),1085.1
2015-04-21,미 달러화 (USD),1082.7
2015-04-22,미 달러화 (USD),1083.5
2015-04-23,미 달러화 (USD),1081.8
2015-04-24,미 달러화 (USD),1083.2
2015-04-27,미 달러화 (USD),1079
2015-04-28,미 달러화 (USD),1074.5
2015-04-29,미 달러화 (USD),1070.9
2015-04-30,미 달러화 (USD),1068.1
2015-05-04,미 달러화 (USD),1069.5
2015-05-06,미 달러화 (USD),1080.5
2015-05-07,미 달러화 (USD),1081
2015-05-08,미 달러화 (USD),1086.6
2015-05-11,미 달러화 (USD),1091.3
2015-05-12,미 달러화 (USD),1089.9
2015-05-13,미 달러화 (USD),1096.2
2015-05-14,미 달러화 (USD),1094.9
2015-05-15,미 달러화 (USD),1093.6
2015-05-18,미 달러화 (USD),1089.2
2015-05-19,미 달러화 (USD),1085.5
2015-05-20,미 달러화 (USD),1090.9
2015-05-21,미 달러화 (USD),1095.2
2015-05-22,미 달러화 (USD),1094.4
2015-05-26,미 달러화 (USD),1090.8
2015-05-27,미 달러화 (USD),1098.4
2015-05-28,미 달러화 (USD),1107
2015-05-29,미 달러화 (USD),1108
2015-06-01,미 달러화 (USD),1107.6
2015-06-02,미 달러화 (USD),1111.6
2015-06-03,미 달러화 (USD),1114.5
2015-06-04,미 달러화 (USD),1106
2015-06-05,미 달러화 (USD),1109.9
2015-06-08,미 달러화 (USD),1112.1
2015-06-09,미 달러화 (USD),1121.5
2015-06-10,미 달러화 (USD),1119.3
2015-06-11,미 달러화 (USD),1117.3
2015-06-12,미 달러화 (USD),1110.4
2015-06-15,미 달러화 (USD),1111.9
2015-06-16,미 달러화 (USD),1116.2
2015-06-17,미 달러화 (USD),1117.3
2015-06-18,미 달러화 (USD),1117.6
2015-06-19,미 달러화 (USD),1109.9
2015-06-22,미 달러화 (USD),1104
2015-06-23,미 달러화 (USD),1099.9
2015-06-24,미 달러화 (USD),1104.1
2015-06-25,미 달러화 (USD),1108.4
2015-06-26,미 달러화 (USD),1109.6
2015-06-29,미 달러화 (USD),1115.1
2015-06-30,미 달러화 (USD),1124.1
2015-07-01,미 달러화 (USD),1118.3
2015-07-02,미 달러화 (USD),1118.5
2015-07-03,미 달러화 (USD),1123.2
2015-07-06,미 달러화 (USD),1120.1
2015-07-07,미 달러화 (USD),1126.3
2015-07-08,미 달러화 (USD),1129.6
2015-07-09,미 달러화 (USD),1135.7
2015-07-10,미 달러화 (USD),1136.2
2015-07-13,미 달러화 (USD),1130
2015-07-14,미 달러화 (USD),1131.5
2015-07-15,미 달러화 (USD),1139.4
2015-07-16,미 달러화 (USD),1141.5
2015-07-17,미 달러화 (USD),1148.4
2015-07-20,미 달러화 (USD),1146.3
2015-07-21,미 달러화 (USD),1151.9
2015-07-22,미 달러화 (USD),1158.4
2015-07-23,미 달러화 (USD),1152.6
2015-07-24,미 달러화 (USD),1162.3
2015-07-27,미 달러화 (USD),1164.6
2015-07-28,미 달러화 (USD),1168.9
2015-07-29,미 달러화 (USD),1166.2
2015-07-30,미 달러화 (USD),1157.9
2015-07-31,미 달러화 (USD),1166.3
2015-08-03,미 달러화 (USD),1169.4
2015-08-04,미 달러화 (USD),1165.2
2015-08-05,미 달러화 (USD),1169.3
2015-08-06,미 달러화 (USD),1172.1
2015-08-07,미 달러화 (USD),1170.2
2015-08-10,미 달러화 (USD),1164.3
2015-08-11,미 달러화 (USD),1165.3
2015-08-12,미 달러화 (USD),1170.4
2015-08-13,미 달러화 (USD),1190.3
2015-08-17,미 달러화 (USD),1174.2
2015-08-18,미 달러화 (USD),1182.2
2015-08-19,미 달러화 (USD),1184.7
2015-08-20,미 달러화 (USD),1185.1
2015-08-21,미 달러화 (USD),1185.1
2015-08-24,미 달러화 (USD),1192
2015-08-25,미 달러화 (USD),1198.1
2015-08-26,미 달러화 (USD),1194.6
2015-08-27,미 달러화 (USD),1188.9
2015-08-28,미 달러화 (USD),1184.3
2015-08-31,미 달러화 (USD),1176.3
2015-09-01,미 달러화 (USD),1183
2015-09-02,미 달러화 (USD),1175.6
2015-09-03,미 달러화 (USD),1178
2015-09-04,미 달러화 (USD),1187.6
2015-09-07,미 달러화 (USD),1191
2015-09-08,미 달러화 (USD),1202
2015-09-09,미 달러화 (USD),1203.1
2015-09-10,미 달러화 (USD),1192
2015-09-11,미 달러화 (USD),1195.8
2015-09-14,미 달러화 (USD),1183.8
2015-09-15,미 달러화 (USD),1181
2015-09-16,미 달러화 (USD),1182.4
2015-09-17,미 달러화 (USD),1179.4
2015-09-18,미 달러화 (USD),1169.7
2015-09-21,미 달러화 (USD),1166.7
2015-09-22,미 달러화 (USD),1173
2015-09-23,미 달러화 (USD),1177.2
2015-09-24,미 달러화 (USD),1187.5
2015-09-25,미 달러화 (USD),1191.8
2015-09-30,미 달러화 (USD),1194.5
2015-10-01,미 달러화 (USD),1190.4
2015-10-02,미 달러화 (USD),1179
2015-10-05,미 달러화 (USD),1180.5
2015-10-06,미 달러화 (USD),1172.1
2015-10-07,미 달러화 (USD),1164.8
2015-10-08,미 달러화 (USD),1165.2
2015-10-12,미 달러화 (USD),1159.4
2015-10-13,미 달러화 (USD),1147.4
2015-10-14,미 달러화 (USD),1147.5
2015-10-15,미 달러화 (USD),1150.1
2015-10-16,미 달러화 (USD),1133.7
2015-10-19,미 달러화 (USD),1128.9
2015-10-20,미 달러화 (USD),1125.3
2015-10-21,미 달러화 (USD),1130.1
2015-10-22,미 달러화 (USD),1131.3
2015-10-23,미 달러화 (USD),1138.2
2015-10-26,미 달러화 (USD),1127.4
2015-10-27,미 달러화 (USD),1134.1
2015-10-28,미 달러화 (USD),1131.2
2015-10-29,미 달러화 (USD),1132.9
2015-10-30,미 달러화 (USD),1142.3
2015-11-02,미 달러화 (USD),1138.6
2015-11-03,미 달러화 (USD),1140.1
2015-11-04,미 달러화 (USD),1133.4
2015-11-05,미 달러화 (USD),1129.5
2015-11-06,미 달러화 (USD),1137.1
2015-11-09,미 달러화 (USD),1138.6
2015-11-10,미 달러화 (USD),1154.1
2015-11-11,미 달러화 (USD),1158.2
2015-11-12,미 달러화 (USD),1154.8
2015-11-13,미 달러화 (USD),1154.5
2015-11-16,미 달러화 (USD),1161.3
2015-11-17,미 달러화 (USD),1172.7
2015-11-18,미 달러화 (USD),1169.2
2015-11-19,미 달러화 (USD),1173.4
2015-11-20,미 달러화 (USD),1164.2
2015-11-23,미 달러화 (USD),1156.9
2015-11-24,미 달러화 (USD),1157.9
2015-11-25,미 달러화 (USD),1155.6
2015-11-26,미 달러화 (USD),1145.1
2015-11-27,미 달러화 (USD),1145.7
2015-11-30,미 달러화 (USD),1150.4
2015-12-01,미 달러화 (USD),1157.7
2015-12-02,미 달러화 (USD),1158.1
2015-12-03,미 달러화 (USD),1159.3
2015-12-04,미 달러화 (USD),1167.4
2015-12-07,미 달러화 (USD),1156.8
2015-12-08,미 달러화 (USD),1166.4
2015-12-09,미 달러화 (USD),1176
2015-12-10,미 달러화 (USD),1178.2
2015-12-11,미 달러화 (USD),1177.5
2015-12-14,미 달러화 (USD),1179.7
2015-12-15,미 달러화 (USD),1186.1
2015-12-16,미 달러화 (USD),1182.9
2015-12-17,미 달러화 (USD),1178.2
2015-12-18,미 달러화 (USD),1178.9
2015-12-21,미 달러화 (USD),1184.3
2015-12-22,미 달러화 (USD),1178.2
2015-12-23,미 달러화 (USD),1176.1
2015-12-24,미 달러화 (USD),1171.7
2015-12-28,미 달러화 (USD),1171
2015-12-29,미 달러화 (USD),1165
2015-12-30,미 달러화 (USD),1167.7
2016-01-04,미 달러화 (USD),1172
2016-01-05,미 달러화 (USD),1184.3
2016-01-06,미 달러화 (USD),1187.7
2016-01-07,미 달러화 (USD),1193.9
2016-01-08,미 달러화 (USD),1199.7
2016-01-11,미 달러화 (USD),1196.2
2016-01-12,미 달러화 (USD),1208.6
2016-01-13,미 달러화 (USD),1208.5
2016-01-14,미 달러화 (USD),1206.4
2016-01-15,미 달러화 (USD),1212.7
2016-01-18,미 달러화 (USD),1211
2016-01-19,미 달러화 (USD),1212.5
2016-01-20,미 달러화 (USD),1209.9
2016-01-21,미 달러화 (USD),1211.6
2016-01-22,미 달러화 (USD),1209.9
2016-01-25,미 달러화 (USD),1203.2
2016-01-26,미 달러화 (USD),1194.4
2016-01-27,미 달러화 (USD),1201.4
2016-01-28,미 달러화 (USD),1201
2016-01-29,미 달러화 (USD),1208.4
2016-02-01,미 달러화 (USD),1206.2
2016-02-02,미 달러화 (USD),1204.5
2016-02-03,미 달러화 (USD),1203.1
2016-02-04,미 달러화 (USD),1216.7
2016-02-05,미 달러화 (USD),1202.7
2016-02-11,미 달러화 (USD),1195.1
2016-02-12,미 달러화 (USD),1197
2016-02-15,미 달러화 (USD),1206.5
2016-02-16,미 달러화 (USD),1209.9
2016-02-17,미 달러화 (USD),1216.6
2016-02-18,미 달러화 (USD),1224.8
2016-02-19,미 달러화 (USD),1225.7
2016-02-22,미 달러화 (USD),1233.9
2016-02-23,미 달러화 (USD),1233.2
2016-02-24,미 달러화 (USD),1230.1
2016-02-25,미 달러화 (USD),1234.8
2016-02-26,미 달러화 (USD),1236.1
2016-02-29,미 달러화 (USD),1235.4
2016-03-02,미 달러화 (USD),1240.9
2016-03-03,미 달러화 (USD),1232.7
2016-03-04,미 달러화 (USD),1218.9
2016-03-07,미 달러화 (USD),1208.5
2016-03-08,미 달러화 (USD),1200.7
2016-03-09,미 달러화 (USD),1205.2
2016-03-10,미 달러화 (USD),1214.5
2016-03-11,미 달러화 (USD),1208.8
2016-03-14,미 달러화 (USD),1200.1
2016-03-15,미 달러화 (USD),1186.5
2016-03-16,미 달러화 (USD),1189.2
2016-03-17,미 달러화 (USD),1192.7
2016-03-18,미 달러화 (USD),1174.5
2016-03-21,미 달러화 (USD),1161.3
2016-03-22,미 달러화 (USD),1165.3
2016-03-23,미 달러화 (USD),1159.5
2016-03-24,미 달러화 (USD),1158.8
2016-03-25,미 달러화 (USD),1167.1
2016-03-28,미 달러화 (USD),1169.4
2016-03-29,미 달러화 (USD),1169.6
2016-03-30,미 달러화 (USD),1163
2016-03-31,미 달러화 (USD),1153.5
2016-04-01,미 달러화 (USD),1144.5
2016-04-04,미 달러화 (USD),1148.9
2016-04-05,미 달러화 (USD),1147.8
2016-04-06,미 달러화 (USD),1155
2016-04-07,미 달러화 (USD),1155.9
2016-04-08,미 달러화 (USD),1154.5
2016-04-11,미 달러화 (USD),1156.5
2016-04-12,미 달러화 (USD),1149.2
2016-04-14,미 달러화 (USD),1144.7
2016-04-15,미 달러화 (USD),1153.4
2016-04-18,미 달러화 (USD),1150.7
2016-04-19,미 달러화 (USD),1151.1
2016-04-20,미 달러화 (USD),1140.5
2016-04-21,미 달러화 (USD),1132.3
2016-04-22,미 달러화 (USD),1134.9
2016-04-25,미 달러화 (USD),1141.1
2016-04-26,미 달러화 (USD),1149.7
2016-04-27,미 달러화 (USD),1149.7
2016-04-28,미 달러화 (USD),1145.9
2016-04-29,미 달러화 (USD),1143.9
2016-05-02,미 달러화 (USD),1138.1
2016-05-03,미 달러화 (USD),1140.8
2016-05-04,미 달러화 (USD),1137.1
2016-05-09,미 달러화 (USD),1153.5
2016-05-10,미 달러화 (USD),1164.7
2016-05-11,미 달러화 (USD),1174
2016-05-12,미 달러화 (USD),1168.1
2016-05-13,미 달러화 (USD),1164.1
2016-05-16,미 달러화 (USD),1169.4
2016-05-17,미 달러화 (USD),1178.6
2016-05-18,미 달러화 (USD),1173.3
2016-05-19,미 달러화 (USD),1180.9
2016-05-20,미 달러화 (USD),1190.8
2016-05-23,미 달러화 (USD),1188.4
2016-05-24,미 달러화 (USD),1183.1
2016-05-25,미 달러화 (USD),1188.6
2016-05-26,미 달러화 (USD),1185.8
2016-05-27,미 달러화 (USD),1181
2016-05-30,미 달러화 (USD),1179.3
2016-05-31,미 달러화 (USD),1190.6
2016-06-01,미 달러화 (USD),1190.5
2016-06-02,미 달러화 (USD),1192.2
2016-06-03,미 달러화 (USD),1189.6
2016-06-07,미 달러화 (USD),1186.5
2016-06-08,미 달러화 (USD),1163.2
2016-06-09,미 달러화 (USD),1156.5
2016-06-10,미 달러화 (USD),1155.8
2016-06-13,미 달러화 (USD),1163.1
2016-06-14,미 달러화 (USD),1172.8
2016-06-15,미 달러화 (USD),1172.5
2016-06-16,미 달러화 (USD),1176.3
2016-06-17,미 달러화 (USD),1170.1
2016-06-20,미 달러화 (USD),1170.8
2016-06-21,미 달러화 (USD),1163.2
2016-06-22,미 달러화 (USD),1158.2
2016-06-23,미 달러화 (USD),1155.7
2016-06-24,미 달러화 (USD),1151.2
2016-06-27,미 달러화 (USD),1168.5
2016-06-28,미 달러화 (USD),1183.3
2016-06-29,미 달러화 (USD),1175.9
2016-06-30,미 달러화 (USD),1164.7
2016-07-01,미 달러화 (USD),1152.6
2016-07-04,미 달러화 (USD),1147.5
2016-07-05,미 달러화 (USD),1148.1
2016-07-06,미 달러화 (USD),1153
2016-07-07,미 달러화 (USD),1165.8
2016-07-08,미 달러화 (USD),1156.6
2016-07-11,미 달러화 (USD),1159.2
2016-07-12,미 달러화 (USD),1147.8
2016-07-13,미 달러화 (USD),1149.3
2016-07-14,미 달러화 (USD),1145.7
2016-07-15,미 달러화 (USD),1141.8
2016-07-18,미 달러화 (USD),1132.7
2016-07-19,미 달러화 (USD),1136.3
2016-07-20,미 달러화 (USD),1138.4
2016-07-21,미 달러화 (USD),1140.8
2016-07-22,미 달러화 (USD),1140.2
2016-07-25,미 달러화 (USD),1135
2016-07-26,미 달러화 (USD),1136.9
2016-07-27,미 달러화 (USD),1138.4
2016-07-28,미 달러화 (USD),1134.1
2016-07-29,미 달러화 (USD),1125.7
2016-08-01,미 달러화 (USD),1122.4
2016-08-02,미 달러화 (USD),1111
2016-08-03,미 달러화 (USD),1108.9
2016-08-04,미 달러화 (USD),1114
2016-08-05,미 달러화 (USD),1113.8
2016-08-08,미 달러화 (USD),1111.3
2016-08-09,미 달러화 (USD),1112.7
2016-08-10,미 달러화 (USD),1107.2
2016-08-11,미 달러화 (USD),1096.1
2016-08-12,미 달러화 (USD),1098.6
2016-08-16,미 달러화 (USD),1101.1
2016-08-17,미 달러화 (USD),1095
2016-08-18,미 달러화 (USD),1102.3
2016-08-19,미 달러화 (USD),1106.4
2016-08-22,미 달러화 (USD),1115.2
2016-08-23,미 달러화 (USD),1125.3
2016-08-24,미 달러화 (USD),1117.4
2016-08-25,미 달러화 (USD),1121.6
2016-08-26,미 달러화 (USD),1119
2016-08-29,미 달러화 (USD),1113.9
2016-08-30,미 달러화 (USD),1125.2
2016-08-31,미 달러화 (USD),1118.5
2016-09-01,미 달러화 (USD),1117.4
2016-09-02,미 달러화 (USD),1119.3
2016-09-05,미 달러화 (USD),1117.6
2016-09-06,미 달러화 (USD),1108.2
2016-09-07,미 달러화 (USD),1105
2016-09-08,미 달러화 (USD),1093.2
2016-09-09,미 달러화 (USD),1093.2
2016-09-12,미 달러화 (USD),1099.5
2016-09-13,미 달러화 (USD),1110.6
2016-09-19,미 달러화 (USD),1112.3
2016-09-20,미 달러화 (USD),1120
2016-09-21,미 달러화 (USD),1119.5
2016-09-22,미 달러화 (USD),1116.8
2016-09-23,미 달러화 (USD),1103.1
2016-09-26,미 달러화 (USD),1104.2
2016-09-27,미 달러화 (USD),1106.9
2016-09-28,미 달러화 (USD),1103.5
2016-09-29,미 달러화 (USD),1095.7
2016-09-30,미 달러화 (USD),1096.3
2016-10-04,미 달러화 (USD),1102
2016-10-05,미 달러화 (USD),1105.1
2016-10-06,미 달러화 (USD),1113.8
2016-10-07,미 달러화 (USD),1111.3
2016-10-10,미 달러화 (USD),1115.7
2016-10-11,미 달러화 (USD),1111
2016-10-12,미 달러화 (USD),1117.2
2016-10-13,미 달러화 (USD),1123.3
2016-10-14,미 달러화 (USD),1130.5
2016-10-17,미 달러화 (USD),1132.9
2016-10-18,미 달러화 (USD),1140.3
2016-10-19,미 달러화 (USD),1132.3
2016-10-20,미 달러화 (USD),1122.8
2016-10-21,미 달러화 (USD),1124
2016-10-24,미 달러화 (USD),1134.5
2016-10-25,미 달러화 (USD),1134.5
2016-10-26,미 달러화 (USD),1136.5
2016-10-27,미 달러화 (USD),1132.4
2016-10-28,미 달러화 (USD),1140.2
2016-10-31,미 달러화 (USD),1145.2
2016-11-01,미 달러화 (USD),1144.6
2016-11-02,미 달러화 (USD),1141.8
2016-11-03,미 달러화 (USD),1148.7
2016-11-04,미 달러화 (USD),1140.6
2016-11-07,미 달러화 (USD),1143.4
2016-11-08,미 달러화 (USD),1141.6
2016-11-09,미 달러화 (USD),1137.5
2016-11-10,미 달러화 (USD),1145.8
2016-11-11,미 달러화 (USD),1151
2016-11-14,미 달러화 (USD),1164.4
2016-11-15,미 달러화 (USD),1169.8
2016-11-16,미 달러화 (USD),1168.8
2016-11-17,미 달러화 (USD),1167.2
2016-11-18,미 달러화 (USD),1174.4
2016-11-21,미 달러화 (USD),1182.3
2016-11-22,미 달러화 (USD),1183.6
2016-11-23,미 달러화 (USD),1175.5
2016-11-24,미 달러화 (USD),1174.9
2016-11-25,미 달러화 (USD),1182.4
2016-11-28,미 달러화 (USD),1178.9
2016-11-29,미 달러화 (USD),1170.3
2016-11-30,미 달러화 (USD),1168.5
2016-12-01,미 달러화 (USD),1168
2016-12-02,미 달러화 (USD),1172.6
2016-12-05,미 달러화 (USD),1170.5
2016-12-06,미 달러화 (USD),1173.8
2016-12-07,미 달러화 (USD),1169.5
2016-12-08,미 달러화 (USD),1169.4
2016-12-09,미 달러화 (USD),1159.1
2016-12-12,미 달러화 (USD),1166.2
2016-12-13,미 달러화 (USD),1170.2
2016-12-14,미 달러화 (USD),1165.5
2016-12-15,미 달러화 (USD),1168.3
2016-12-16,미 달러화 (USD),1180.1
2016-12-19,미 달러화 (USD),1183.4
2016-12-20,미 달러화 (USD),1186.4
2016-12-21,미 달러화 (USD),1191.2
2016-12-22,미 달러화 (USD),1194.2
2016-12-23,미 달러화 (USD),1198
2016-12-26,미 달러화 (USD),1202.9
2016-12-27,미 달러화 (USD),1199.4
2016-12-28,미 달러화 (USD),1205.3
2016-12-29,미 달러화 (USD),1207.6
2017-01-02,미 달러화 (USD),1208.5
2017-01-03,미 달러화 (USD),1207.8
2017-01-04,미 달러화 (USD),1206.2
2017-01-05,미 달러화 (USD),1206.7
2017-01-06,미 달러화 (USD),1191.6
2017-01-09,미 달러화 (USD),1189.1
2017-01-10,미 달러화 (USD),1205.5
2017-01-11,미 달러화 (USD),1198.7
2017-01-12,미 달러화 (USD),1196.4
2017-01-13,미 달러화 (USD),1182.8
2017-01-16,미 달러화 (USD),1177.7
2017-01-17,미 달러화 (USD),1180.5
2017-01-18,미 달러화 (USD),1180.9
2017-01-19,미 달러화 (USD),1165.6
2017-01-20,미 달러화 (USD),1177.1
2017-01-23,미 달러화 (USD),1172.5
2017-01-24,미 달러화 (USD),1166.7
2017-01-25,미 달러화 (USD),1163.6
2017-01-26,미 달러화 (USD),1166.2
2017-01-31,미 달러화 (USD),1157.8
2017-02-01,미 달러화 (USD),1165.5
2017-02-02,미 달러화 (USD),1155.2
2017-02-03,미 달러화 (USD),1149.2
2017-02-06,미 달러화 (USD),1146.8
2017-02-07,미 달러화 (USD),1137.7
2017-02-08,미 달러화 (USD),1142.1
2017-02-09,미 달러화 (USD),1145.4
2017-02-10,미 달러화 (USD),1145.7
2017-02-13,미 달러화 (USD),1151.4
2017-02-14,미 달러화 (USD),1151.9
2017-02-15,미 달러화 (USD),1144.5
2017-02-16,미 달러화 (USD),1141.6
2017-02-17,미 달러화 (USD),1138.9
2017-02-20,미 달러화 (USD),1145.3
2017-02-21,미 달러화 (USD),1147.6
2017-02-22,미 달러화 (USD),1146.8
2017-02-23,미 달러화 (USD),1140.9
2017-02-24,미 달러화 (USD),1138.8
2017-02-27,미 달러화 (USD),1131
2017-02-28,미 달러화 (USD),1132.1
2017-03-02,미 달러화 (USD),1132.3
2017-03-03,미 달러화 (USD),1142
2017-03-06,미 달러화 (USD),1152.7
2017-03-07,미 달러화 (USD),1156.1
2017-03-08,미 달러화 (USD),1151.2
2017-03-09,미 달러화 (USD),1146.6
2017-03-10,미 달러화 (USD),1156.1
2017-03-13,미 달러화 (USD),1158.2
2017-03-14,미 달러화 (USD),1147.7
2017-03-15,미 달러화 (USD),1147.3
2017-03-16,미 달러화 (USD),1146.3
2017-03-17,미 달러화 (USD),1131.7
2017-03-20,미 달러화 (USD),1131.4
2017-03-21,미 달러화 (USD),1124.5
2017-03-22,미 달러화 (USD),1117.5
2017-03-23,미 달러화 (USD),1123.8
2017-03-24,미 달러화 (USD),1120
2017-03-27,미 달러화 (USD),1122.7
2017-03-28,미 달러화 (USD),1114.2
2017-03-29,미 달러화 (USD),1112.5
2017-03-30,미 달러화 (USD),1114
2017-03-31,미 달러화 (USD),1116.1
2017-04-03,미 달러화 (USD),1119.3
2017-04-04,미 달러화 (USD),1113.8
2017-04-05,미 달러화 (USD),1118.9
2017-04-06,미 달러화 (USD),1124
2017-04-07,미 달러화 (USD),1131
2017-04-10,미 달러화 (USD),1134.6
2017-04-11,미 달러화 (USD),1141.6
2017-04-12,미 달러화 (USD),1145.8
2017-04-13,미 달러화 (USD),1145.2
2017-04-14,미 달러화 (USD),1131.9
2017-04-17,미 달러화 (USD),1138.8
2017-04-18,미 달러화 (USD),1136.5
2017-04-19,미 달러화 (USD),1137.9
2017-04-20,미 달러화 (USD),1139.8
2017-04-21,미 달러화 (USD),1141.4
2017-04-24,미 달러화 (USD),1136.6
2017-04-25,미 달러화 (USD),1131.7
2017-04-26,미 달러화 (USD),1130.5
2017-04-27,미 달러화 (USD),1125.1
2017-04-28,미 달러화 (USD),1130.1
2017-05-02,미 달러화 (USD),1133.4
2017-05-04,미 달러화 (USD),1130.7
2017-05-08,미 달러화 (USD),1132.1
2017-05-10,미 달러화 (USD),1132.4
2017-05-11,미 달러화 (USD),1134.5
2017-05-12,미 달러화 (USD),1130.4
2017-05-15,미 달러화 (USD),1126.8
2017-05-16,미 달러화 (USD),1125.4
2017-05-17,미 달러화 (USD),1117.7
2017-05-18,미 달러화 (USD),1118.4
2017-05-19,미 달러화 (USD),1125.2
2017-05-22,미 달러화 (USD),1127.5
2017-05-23,미 달러화 (USD),1117.1
2017-05-24,미 달러화 (USD),1120.6
2017-05-25,미 달러화 (USD),1126.6
2017-05-26,미 달러화 (USD),1118
2017-05-29,미 달러화 (USD),1119.5
2017-05-30,미 달러화 (USD),1120.1
2017-05-31,미 달러화 (USD),1123.9
2017-06-01,미 달러화 (USD),1121.8
2017-06-02,미 달러화 (USD),1120.4
2017-06-05,미 달러화 (USD),1120.9
2017-06-07,미 달러화 (USD),1118.4
2017-06-08,미 달러화 (USD),1122
2017-06-09,미 달러화 (USD),1125
2017-06-12,미 달러화 (USD),1121.6
2017-06-13,미 달러화 (USD),1126
2017-06-14,미 달러화 (USD),1128.9
2017-06-15,미 달러화 (USD),1125.6
2017-06-16,미 달러화 (USD),1122.8
2017-06-19,미 달러화 (USD),1133
2017-06-20,미 달러화 (USD),1131.4
2017-06-21,미 달러화 (USD),1137
2017-06-22,미 달러화 (USD),1142.2
2017-06-23,미 달러화 (USD),1140.8
2017-06-26,미 달러화 (USD),1140.1
2017-06-27,미 달러화 (USD),1135.2
2017-06-28,미 달러화 (USD),1136.4
2017-06-29,미 달러화 (USD),1141.7
2017-06-30,미 달러화 (USD),1139.6
2017-07-03,미 달러화 (USD),1144
2017-07-04,미 달러화 (USD),1145
2017-07-05,미 달러화 (USD),1149.3
2017-07-06,미 달러화 (USD),1149.3
2017-07-07,미 달러화 (USD),1153.5
2017-07-10,미 달러화 (USD),1155.8
2017-07-11,미 달러화 (USD),1149.9
2017-07-12,미 달러화 (USD),1150.1
2017-07-13,미 달러화 (USD),1145.6
2017-07-14,미 달러화 (USD),1137.5
2017-07-17,미 달러화 (USD),1136
2017-07-18,미 달러화 (USD),1128.2
2017-07-19,미 달러화 (USD),1126.3
2017-07-20,미 달러화 (USD),1121.8
2017-07-21,미 달러화 (USD),1124.9
2017-07-24,미 달러화 (USD),1121.2
2017-07-25,미 달러화 (USD),1116.1
2017-07-26,미 달러화 (USD),1116.1
2017-07-27,미 달러화 (USD),1120.3
2017-07-28,미 달러화 (USD),1112.5
2017-07-31,미 달러화 (USD),1119.1
2017-08-01,미 달러화 (USD),1121.9
2017-08-02,미 달러화 (USD),1118
2017-08-03,미 달러화 (USD),1123.2
2017-08-04,미 달러화 (USD),1127.6
2017-08-07,미 달러화 (USD),1125.4
2017-08-08,미 달러화 (USD),1127.3
2017-08-09,미 달러화 (USD),1125.4
2017-08-10,미 달러화 (USD),1134.7
2017-08-11,미 달러화 (USD),1141.1
2017-08-14,미 달러화 (USD),1146.3
2017-08-16,미 달러화 (USD),1138.2
2017-08-17,미 달러화 (USD),1139.6
2017-08-18,미 달러화 (USD),1135.9
2017-08-21,미 달러화 (USD),1142
2017-08-22,미 달러화 (USD),1138.3
2017-08-23,미 달러화 (USD),1135.6
2017-08-24,미 달러화 (USD),1130.9
2017-08-25,미 달러화 (USD),1127.3
2017-08-28,미 달러화 (USD),1129.2
2017-08-29,미 달러화 (USD),1120.4
2017-08-30,미 달러화 (USD),1126.2
2017-08-31,미 달러화 (USD),1122.8
2017-09-01,미 달러화 (USD),1125.8
2017-09-04,미 달러화 (USD),1122.7
2017-09-05,미 달러화 (USD),1131.5
2017-09-06,미 달러화 (USD),1131.3
2017-09-07,미 달러화 (USD),1133.7
2017-09-08,미 달러화 (USD),1129.6
2017-09-11,미 달러화 (USD),1126.8
2017-09-12,미 달러화 (USD),1129.5
2017-09-13,미 달러화 (USD),1129.8
2017-09-14,미 달러화 (USD),1127.5
2017-09-15,미 달러화 (USD),1132.5
2017-09-18,미 달러화 (USD),1133.5
2017-09-19,미 달러화 (USD),1127.9
2017-09-20,미 달러화 (USD),1130
2017-09-21,미 달러화 (USD),1129.1
2017-09-22,미 달러화 (USD),1132.8
2017-09-25,미 달러화 (USD),1136.3
2017-09-26,미 달러화 (USD),1130.7
2017-09-27,미 달러화 (USD),1136.3
2017-09-28,미 달러화 (USD),1139.4
2017-09-29,미 달러화 (USD),1146.7
2017-10-10,미 달러화 (USD),1145.7
2017-10-11,미 달러화 (USD),1138.2
2017-10-12,미 달러화 (USD),1135.2
2017-10-13,미 달러화 (USD),1133.7
2017-10-16,미 달러화 (USD),1130.8
2017-10-17,미 달러화 (USD),1127.3
2017-10-18,미 달러화 (USD),1131.4
2017-10-19,미 달러화 (USD),1130.4
2017-10-20,미 달러화 (USD),1132.3
2017-10-23,미 달러화 (USD),1131.9
2017-10-24,미 달러화 (USD),1131.9
2017-10-25,미 달러화 (USD),1128.3
2017-10-26,미 달러화 (USD),1128.3
2017-10-27,미 달러화 (USD),1124.7
2017-10-30,미 달러화 (USD),1130
2017-10-31,미 달러화 (USD),1125
2017-11-01,미 달러화 (USD),1121.2
2017-11-02,미 달러화 (USD),1116.8
2017-11-03,미 달러화 (USD),1113.3
2017-11-06,미 달러화 (USD),1112.7
2017-11-07,미 달러화 (USD),1116.7
2017-11-08,미 달러화 (USD),1111.6
2017-11-09,미 달러화 (USD),1114.3
2017-11-10,미 달러화 (USD),1114.3
2017-11-13,미 달러화 (USD),1117.2
2017-11-14,미 달러화 (USD),1120.7
2017-11-15,미 달러화 (USD),1118.5
2017-11-16,미 달러화 (USD),1114.4
2017-11-17,미 달러화 (USD),1104.1
2017-11-20,미 달러화 (USD),1096.1
2017-11-21,미 달러화 (USD),1098.9
2017-11-22,미 달러화 (USD),1097.3
2017-11-23,미 달러화 (USD),1091.3
2017-11-24,미 달러화 (USD),1088.2
2017-11-27,미 달러화 (USD),1085
2017-11-28,미 달러화 (USD),1087.6
2017-11-29,미 달러화 (USD),1088.3
2017-11-30,미 달러화 (USD),1082.4
2017-12-01,미 달러화 (USD),1085.1
2017-12-04,미 달러화 (USD),1087.1
2017-12-05,미 달러화 (USD),1088.3
2017-12-06,미 달러화 (USD),1084.3
2017-12-07,미 달러화 (USD),1091.9
2017-12-08,미 달러화 (USD),1092.7
2017-12-11,미 달러화 (USD),1093.4
2017-12-12,미 달러화 (USD),1092.4
2017-12-13,미 달러화 (USD),1090.1
2017-12-14,미 달러화 (USD),1091.9
2017-12-15,미 달러화 (USD),1086.7
2017-12-18,미 달러화 (USD),1089.3
2017-12-19,미 달러화 (USD),1089.1
2017-12-20,미 달러화 (USD),1086.8
2017-12-21,미 달러화 (USD),1082.9
2017-12-22,미 달러화 (USD),1080.6
2017-12-26,미 달러화 (USD),1079.2
2017-12-27,미 달러화 (USD),1077.1
2017-12-28,미 달러화 (USD),1075.2
2018-01-02,미 달러화 (USD),1071.4
2018-01-03,미 달러화 (USD),1064.3
2018-01-04,미 달러화 (USD),1065.4
2018-01-05,미 달러화 (USD),1065.5
2018-01-08,미 달러화 (USD),1062.1
2018-01-09,미 달러화 (USD),1065.2
2018-01-10,미 달러화 (USD),1067.1
2018-01-11,미 달러화 (USD),1070.7
2018-01-12,미 달러화 (USD),1071.2
2018-01-15,미 달러화 (USD),1064.7
2018-01-16,미 달러화 (USD),1061.3
2018-01-17,미 달러화 (USD),1064
2018-01-18,미 달러화 (USD),1065.8
2018-01-19,미 달러화 (USD),1069.4
2018-01-22,미 달러화 (USD),1067.3
2018-01-23,미 달러화 (USD),1068.9
2018-01-24,미 달러화 (USD),1069.7
2018-01-25,미 달러화 (USD),1070.6
2018-01-26,미 달러화 (USD),1061.7
2018-01-29,미 달러화 (USD),1064.8
2018-01-30,미 달러화 (USD),1064.8
2018-01-31,미 달러화 (USD),1071.5
2018-02-01,미 달러화 (USD),1071
2018-02-02,미 달러화 (USD),1071.1
2018-02-05,미 달러화 (USD),1076.7
2018-02-06,미 달러화 (USD),1089.8
2018-02-07,미 달러화 (USD),1094.3
2018-02-08,미 달러화 (USD),1083.3
2018-02-09,미 달러화 (USD),1087.8
2018-02-12,미 달러화 (USD),1092.7
2018-02-13,미 달러화 (USD),1083.4
2018-02-14,미 달러화 (USD),1082.8
2018-02-19,미 달러화 (USD),1079.9
2018-02-20,미 달러화 (USD),1068
2018-02-21,미 달러화 (USD),1070.3
2018-02-22,미 달러화 (USD),1075.3
2018-02-23,미 달러화 (USD),1082.9
2018-02-26,미 달러화 (USD),1078.5
2018-02-27,미 달러화 (USD),1073.7
2018-02-28,미 달러화 (USD),1071
2018-03-02,미 달러화 (USD),1081.9
2018-03-05,미 달러화 (USD),1081.3
2018-03-06,미 달러화 (USD),1080.5
2018-03-07,미 달러화 (USD),1075.4
2018-03-08,미 달러화 (USD),1068.7
2018-03-09,미 달러화 (USD),1068.4
2018-03-12,미 달러화 (USD),1069.2
2018-03-13,미 달러화 (USD),1064.3
2018-03-14,미 달러화 (USD),1065.8
2018-03-15,미 달러화 (USD),1065.8
2018-03-16,미 달러화 (USD),1065.8
2018-03-19,미 달러화 (USD),1069.6
2018-03-20,미 달러화 (USD),1071.2
2018-03-21,미 달러화 (USD),1071
2018-03-22,미 달러화 (USD),1071.4
2018-03-23,미 달러화 (USD),1069.2
2018-03-26,미 달러화 (USD),1080.8
2018-03-27,미 달러화 (USD),1081.2
2018-03-28,미 달러화 (USD),1072.2
2018-03-29,미 달러화 (USD),1069.4
2018-03-30,미 달러화 (USD),1066.5
2018-04-02,미 달러화 (USD),1064.4
2018-04-03,미 달러화 (USD),1058.1
2018-04-04,미 달러화 (USD),1057.8
2018-04-05,미 달러화 (USD),1057.6
2018-04-06,미 달러화 (USD),1059.5
2018-04-09,미 달러화 (USD),1066
2018-04-10,미 달러화 (USD),1067.5
2018-04-11,미 달러화 (USD),1067.7
2018-04-12,미 달러화 (USD),1066.4
2018-04-13,미 달러화 (USD),1068.7
2018-04-16,미 달러화 (USD),1070
2018-04-17,미 달러화 (USD),1073.1
2018-04-18,미 달러화 (USD),1068.4
2018-04-19,미 달러화 (USD),1066.5
2018-04-20,미 달러화 (USD),1063.5
2018-04-23,미 달러화 (USD),1067.3
2018-04-24,미 달러화 (USD),1068.9
2018-04-25,미 달러화 (USD),1076.9
2018-04-26,미 달러화 (USD),1078.7
2018-04-27,미 달러화 (USD),1079.7
2018-04-30,미 달러화 (USD),1076.2
2018-05-02,미 달러화 (USD),1067.5
2018-05-03,미 달러화 (USD),1074.9
2018-05-04,미 달러화 (USD),1076.5
2018-05-08,미 달러화 (USD),1076.7
2018-05-09,미 달러화 (USD),1078.2
2018-05-10,미 달러화 (USD),1081.3
2018-05-11,미 달러화 (USD),1075.3
2018-05-14,미 달러화 (USD),1068.6
2018-05-15,미 달러화 (USD),1066.6
2018-05-16,미 달러화 (USD),1072.6
2018-05-17,미 달러화 (USD),1078.7
2018-05-18,미 달러화 (USD),1079.3
2018-05-21,미 달러화 (USD),1080
2018-05-23,미 달러화 (USD),1083.8
2018-05-24,미 달러화 (USD),1078.8
2018-05-25,미 달러화 (USD),1079.7
2018-05-28,미 달러화 (USD),1078.7
2018-05-29,미 달러화 (USD),1073.2
2018-05-30,미 달러화 (USD),1076.1
2018-05-31,미 달러화 (USD),1081.3
2018-06-01,미 달러화 (USD),1076.4
2018-06-04,미 달러화 (USD),1076
2018-06-05,미 달러화 (USD),1070.9
2018-06-07,미 달러화 (USD),1069.6
2018-06-08,미 달러화 (USD),1067.9
2018-06-11,미 달러화 (USD),1073.2
2018-06-12,미 달러화 (USD),1073.5
2018-06-14,미 달러화 (USD),1075.1
2018-06-15,미 달러화 (USD),1082.5
2018-06-18,미 달러화 (USD),1091.4
2018-06-19,미 달러화 (USD),1104.4
2018-06-20,미 달러화 (USD),1105.5
2018-06-21,미 달러화 (USD),1108
2018-06-22,미 달러화 (USD),1109
2018-06-25,미 달러화 (USD),1108.9
2018-06-26,미 달러화 (USD),1116.1
2018-06-27,미 달러화 (USD),1115.2
2018-06-28,미 달러화 (USD),1117.9
2018-06-29,미 달러화 (USD),1121.7
2018-07-02,미 달러화 (USD),1117.2
2018-07-03,미 달러화 (USD),1117.4
2018-07-04,미 달러화 (USD),1121.1
2018-07-05,미 달러화 (USD),1115.3
2018-07-06,미 달러화 (USD),1118.4
2018-07-09,미 달러화 (USD),1117.8
2018-07-10,미 달러화 (USD),1112.3
2018-07-11,미 달러화 (USD),1113.8
2018-07-12,미 달러화 (USD),1120.8
2018-07-13,미 달러화 (USD),1127.8
2018-07-16,미 달러화 (USD),1123.4
2018-07-17,미 달러화 (USD),1128.7
2018-07-18,미 달러화 (USD),1125.2
2018-07-19,미 달러화 (USD),1128.9
2018-07-20,미 달러화 (USD),1131.2
2018-07-23,미 달러화 (USD),1134.8
2018-07-24,미 달러화 (USD),1128.5
2018-07-25,미 달러화 (USD),1135.2
2018-07-26,미 달러화 (USD),1127.5
2018-07-27,미 달러화 (USD),1119.6
2018-07-30,미 달러화 (USD),1120
2018-07-31,미 달러화 (USD),1116.7
2018-08-01,미 달러화 (USD),1117.9
2018-08-02,미 달러화 (USD),1119.3
2018-08-03,미 달러화 (USD),1122.6
2018-08-06,미 달러화 (USD),1128.1
2018-08-07,미 달러화 (USD),1123.5
2018-08-08,미 달러화 (USD),1125.7
2018-08-09,미 달러화 (USD),1118.8
2018-08-10,미 달러화 (USD),1117.9
2018-08-13,미 달러화 (USD),1126.3
2018-08-14,미 달러화 (USD),1133.7
2018-08-16,미 달러화 (USD),1132.1
2018-08-17,미 달러화 (USD),1130.7
2018-08-20,미 달러화 (USD),1125.6
2018-08-21,미 달러화 (USD),1121.7
2018-08-22,미 달러화 (USD),1118.2
2018-08-23,미 달러화 (USD),1118.7
2018-08-24,미 달러화 (USD),1120.8
2018-08-27,미 달러화 (USD),1121.8
2018-08-28,미 달러화 (USD),1114.3
2018-08-29,미 달러화 (USD),1110
2018-08-30,미 달러화 (USD),1108.8
2018-08-31,미 달러화 (USD),1108.8
2018-09-03,미 달러화 (USD),1113.3
2018-09-04,미 달러화 (USD),1113.5
2018-09-05,미 달러화 (USD),1114.2
2018-09-06,미 달러화 (USD),1117.6
2018-09-07,미 달러화 (USD),1121.2
2018-09-10,미 달러화 (USD),1123.1
2018-09-11,미 달러화 (USD),1128.1
2018-09-12,미 달러화 (USD),1126.8
2018-09-13,미 달러화 (USD),1127.3
2018-09-14,미 달러화 (USD),1121.2
2018-09-17,미 달러화 (USD),1119.2
2018-09-18,미 달러화 (USD),1126.2
2018-09-19,미 달러화 (USD),1126.3
2018-09-20,미 달러화 (USD),1123
2018-09-21,미 달러화 (USD),1119.9
2018-09-27,미 달러화 (USD),1116.6
2018-09-28,미 달러화 (USD),1112.7
2018-10-01,미 달러화 (USD),1110.2
2018-10-02,미 달러화 (USD),1110.9
2018-10-04,미 달러화 (USD),1116.4
2018-10-05,미 달러화 (USD),1128.3
2018-10-08,미 달러화 (USD),1130.7
2018-10-10,미 달러화 (USD),1131.7
2018-10-11,미 달러화 (USD),1132.5
2018-10-12,미 달러화 (USD),1142.5
2018-10-15,미 달러화 (USD),1133.3
2018-10-16,미 달러화 (USD),1133.4
2018-10-17,미 달러화 (USD),1128.1
2018-10-18,미 달러화 (USD),1125
2018-10-19,미 달러화 (USD),1132.6
2018-10-22,미 달러화 (USD),1134.3
2018-10-23,미 달러화 (USD),1130.9
2018-10-24,미 달러화 (USD),1135.8
2018-10-25,미 달러화 (USD),1132.2
2018-10-26,미 달러화 (USD),1138.5
2018-10-29,미 달러화 (USD),1140.6
2018-10-30,미 달러화 (USD),1138.6
2018-10-31,미 달러화 (USD),1140.6
2018-11-01,미 달러화 (USD),1139.2
2018-11-02,미 달러화 (USD),1138.8
2018-11-05,미 달러화 (USD),1125.5
2018-11-06,미 달러화 (USD),1122.7
2018-11-07,미 달러화 (USD),1122.5
2018-11-08,미 달러화 (USD),1120.9
2018-11-09,미 달러화 (USD),1118.4
2018-11-12,미 달러화 (USD),1125.7
2018-11-13,미 달러화 (USD),1132
2018-11-14,미 달러화 (USD),1135.7
2018-11-15,미 달러화 (USD),1132.4
2018-11-16,미 달러화 (USD),1130.3
2018-11-19,미 달러화 (USD),1128.7
2018-11-20,미 달러화 (USD),1127.4
2018-11-21,미 달러화 (USD),1127.5
2018-11-22,미 달러화 (USD),1131.3
2018-11-23,미 달러화 (USD),1129
2018-11-26,미 달러화 (USD),1130.5
2018-11-27,미 달러화 (USD),1129.9
2018-11-28,미 달러화 (USD),1129.7
2018-11-29,미 달러화 (USD),1128.9
2018-11-30,미 달러화 (USD),1121.8
2018-12-03,미 달러화 (USD),1120.3
2018-12-04,미 달러화 (USD),1113.7
2018-12-05,미 달러화 (USD),1109.8
2018-12-06,미 달러화 (USD),1113.6
2018-12-07,미 달러화 (USD),1117.8
2018-12-10,미 달러화 (USD),1118.2
2018-12-11,미 달러화 (USD),1124.7
2018-12-12,미 달러화 (USD),1129.4
2018-12-13,미 달러화 (USD),1127.6
2018-12-14,미 달러화 (USD),1124
2018-12-17,미 달러화 (USD),1129.2
2018-12-18,미 달러화 (USD),1131.6
2018-12-19,미 달러화 (USD),1129.9
2018-12-20,미 달러화 (USD),1125.1
2018-12-21,미 달러화 (USD),1128.9
2018-12-24,미 달러화 (USD),1123.9
2018-12-26,미 달러화 (USD),1125.2
2018-12-27,미 달러화 (USD),1125.6
2018-12-28,미 달러화 (USD),1121.3
